6;fightAgain
15;tooltip_mc
33;GraphHolder
37;rankClip
40;winner_mc
100;__Packages.com.robertpenner.easing.Quad
101;__Packages.com.robertpenner.easing.Circ
102;__Packages.com.robertpenner.easing.Quart
103;__Packages.com.robertpenner.easing.Sine
104;__Packages.com.robertpenner.easing.Back
105;__Packages.com.robertpenner.easing.Quint
106;__Packages.com.robertpenner.easing.Linear
107;__Packages.com.robertpenner.easing.Expo
108;__Packages.com.robertpenner.easing.Elastic
109;__Packages.com.robertpenner.easing.Bounce
110;__Packages.zigo.tweenManager
111;__Packages.com.robertpenner.easing.Cubic
112;__Packages.ibTextEffect
113;__Packages.ibTextEffects_VivaTypeIn
114;__Packages.GraphHolder
115;__Packages.Tooltip
